categoria_k,k,fecha
ACCESORIOS HP|ACCESORIOS|CARTUCHERA|NINO,0.3,2026-09-02
BSOUL|ACCESORIOS|CANGURO|UNISEX,0.3,2026-09-02
COLUMBIA|ACCESORIOS|MALETIN|OTROS,0.25,2026-09-02
COLUMBIA|VESTUARIO|PANTALON DE NIEVE|MUJER,0.375,2026-09-02
HUSH PUPPIES|CALZADO|BOTAS|NINA,0.25,2026-09-02
PATAGONIA|VESTUARIO|CHALECO SINTETICO|MUJER,0.34615,2026-09-02
PATAGONIA|VESTUARIO|PARKA PLUMA|NINO,0.27273,2026-09-02
ROCKFORD|VESTUARIO|ROPA DE BANO|HOMBRE,0.425,2026-09-02
VANS|VESTUARIO|POLERA M/L|HOMBRE,0.425,2026-09-02
BSOUL|ACCESORIOS|GORRO|OTROS,0.25,2026-09-03
COLUMBIA|ACCESORIOS|CHULLO|OTROS,0.25,2026-09-03
COLUMBIA|ACCESORIOS|CUELLERA|OTROS,0.25,2026-09-03
HUSH PUPPIES KIDS|VESTUARIO|FALDA|NINA,0.25,2026-09-03
COLUMBIA|ACCESORIOS|BALACLAVA|UNISEX,0.3,2026-09-07
COLUMBIA|VESTUARIO|IMPERMEABLE|NINA,0.1875,2026-09-07
COLUMBIA|VESTUARIO|PARKA INTERCHANGE|NINA,0.11538,2026-09-07
COLUMBIA|VESTUARIO|PARKA INTERCHANGE|NINO,0.3,2026-09-07
HUSH PUPPIES KIDS|VESTUARIO|CHALECO|NINA,0.36364,2026-09-07
HUSH PUPPIES KIDS|VESTUARIO|POLERON|NINA,0.25,2026-09-07
HUSH PUPPIES|CALZADO|ALPARGATA|HOMBRE,0.625,2026-09-07
HUSH PUPPIES|CALZADO|ALPARGATA|MUJER,0.35,2026-09-07
HUSH PUPPIES|CALZADO|BALLERINA|MUJER,0.35,2026-09-07
HUSH PUPPIES|CALZADO|BALLERINA|NINA,0.25,2026-09-07
HUSH PUPPIES|CALZADO|BOTIN|NINA,0.25,2026-09-07
HUSH PUPPIES|CALZADO|MOCASIN|HOMBRE,0.625,2026-09-07
HUSH PUPPIES|CALZADO|MOCASIN|MUJER,0.35,2026-09-07
HUSH PUPPIES|CALZADO|MOCASIN|NINO,0.65,2026-09-07
HUSH PUPPIES|CALZADO|SANDALIA|HOMBRE,0.625,2026-09-07
HUSH PUPPIES|CALZADO|ZAPATILLA|HOMBRE,0.25,2026-09-07
HUSH PUPPIES|CALZADO|ZAPATILLA|MUJER,0.35,2026-09-07
HUSH PUPPIES|CALZADO|ZAPATO|HOMBRE,0.625,2026-09-07
HUSH PUPPIES|CALZADO|ZAPATO|MUJER,0.35,2026-09-07
HUSH PUPPIES|CALZADO|ZAPATO|NINO,0.65,2026-09-07
PATAGONIA|ACCESORIOS|CHULLO|HOMBRE,0.25,2026-09-07
PATAGONIA|ACCESORIOS|GUANTES|UNISEX,0.3,2026-09-07
PATAGONIA|VESTUARIO|PANTALON|MUJER,0.25,2026-09-07
ROCKFORD|CALZADO|SANDALIA|HOMBRE,0.625,2026-09-07
ROCKFORD|CALZADO|SANDALIA|MUJER,0.35,2026-09-07
ROCKFORD|CALZADO|ZAPATILLA|HOMBRE,0.25,2026-09-07
ROCKFORD|CALZADO|ZAPATILLA|MUJER,0.35,2026-09-07
ROCKFORD|VESTUARIO|CHAQUETA|HOMBRE,0.75,2026-09-07
ROCKFORD|VESTUARIO|CHAQUETA|MUJER,0.25,2026-09-07
ROCKFORD|VESTUARIO|CORTAVIENTO|HOMBRE,0.75,2026-09-07
ROCKFORD|VESTUARIO|SHORT|MUJER,0.25,2026-09-07
COLUMBIA|ACCESORIOS|GUANTES|HOMBRE,0.325,2026-09-23
COLUMBIA|ACCESORIOS|GUANTES|NINO,0.325,2026-09-23
COLUMBIA|VESTUARIO|CHALECO PLUMA|HOMBRE,0.35,2026-09-23
COLUMBIA|VESTUARIO|PARKA SINTETICA|NINO,0.35,2026-09-23
COLUMBIA|VESTUARIO|ROPA DE BANO|MUJER,0.42,2026-09-23
MOUNTAIN HARDWEAR|VESTUARIO|PANTALON|HOMBRE,0.35,2026-09-23
ROCKFORD|VESTUARIO|POLO M/L|HOMBRE,0.35,2026-09-23
ACCESORIOS HP|ACCESORIOS|MALETIN|HOMBRE,0.325,2026-09-24
ACCESORIOS HP|ACCESORIOS|PANTUFLAS|UNISEX,0.325,2026-09-24
BSOUL|ACCESORIOS|GORRO|MUJER,0.325,2026-09-24
COLUMBIA|CALZADO|ZAPATILLAS|NINA,0.325,2026-09-24
ROCKFORD|VESTUARIO|BLUSA M/C|MUJER,0.7,2026-09-24
PATAGONIA|VESTUARIO|POLAR|NINA,0.35,2026-09-28
PATAGONIA|VESTUARIO|POLO M/L|UNISEX,0.455,2026-09-28
ROCKFORD|ACCESORIOS|SHAMPOO|UNISEX,0.25,2026-09-28
VANS|VESTUARIO|CAMISA MANGA LARGA|HOMBRE,0.84,2026-09-28
VANS|VESTUARIO|CHAQUETA|MUJER,0.35,2026-09-28
VANS|VESTUARIO|PANTALON|MUJER,0.35,2026-09-28
ACCESORIOS HP|ACCESORIOS|ACCESORIOS PARA EL PELO|NINA,0.325,2026-09-30
ACCESORIOS HP|ACCESORIOS|BILLETERA|HOMBRE,0.9425,2026-09-30
ACCESORIOS HP|ACCESORIOS|BILLETERA|MUJER,0.325,2026-09-30
ACCESORIOS HP|ACCESORIOS|BILLETERA|UNISEX,0.325,2026-09-30
ACCESORIOS HP|ACCESORIOS|CALCETINES H|HOMBRE,0.65,2026-09-30
ACCESORIOS HP|ACCESORIOS|CALCETINES M|HOMBRE,0.9425,2026-09-30
ACCESORIOS HP|ACCESORIOS|CALCETINES M|MUJER,0.325,2026-09-30
ACCESORIOS HP|ACCESORIOS|CALCETINES N|NINA,0.325,2026-09-30
ACCESORIOS HP|ACCESORIOS|CALCETINES N|NINO,0.325,2026-09-30
ACCESORIOS HP|ACCESORIOS|CALCETIN|HOMBRE,0.9425,2026-09-30
ACCESORIOS HP|ACCESORIOS|CALCETIN|MUJER,0.325,2026-09-30
ACCESORIOS HP|ACCESORIOS|CALCETIN|NINA,0.325,2026-09-30
ACCESORIOS HP|ACCESORIOS|CALCETIN|NINO,0.325,2026-09-30
ACCESORIOS HP|ACCESORIOS|CARTERA|MUJER,0.325,2026-09-30
ACCESORIOS HP|ACCESORIOS|CINTURON|HOMBRE,0.9425,2026-09-30
ACCESORIOS HP|ACCESORIOS|CINTURON|MUJER,0.325,2026-09-30
ACCESORIOS HP|ACCESORIOS|CINTURON|NINA,0.325,2026-09-30
ACCESORIOS HP|ACCESORIOS|CINTURON|NINO,0.325,2026-09-30
ACCESORIOS HP|ACCESORIOS|CREMA LIMPIEZA|UNISEX,0.325,2026-09-30
ACCESORIOS HP|ACCESORIOS|ESCOBILLA LIMPIEZA|UNISEX,0.325,2026-09-30
ACCESORIOS HP|ACCESORIOS|GORRO|NINA,0.325,2026-09-30
ACCESORIOS HP|ACCESORIOS|GORRO|NINO,0.325,2026-09-30
ACCESORIOS HP|ACCESORIOS|GORRO|UNISEX,0.325,2026-09-30
ACCESORIOS HP|ACCESORIOS|MALETIN|UNISEX,0.325,2026-09-30
ACCESORIOS HP|ACCESORIOS|MOCHILA|NINO,0.325,2026-09-30
ACCESORIOS HP|ACCESORIOS|POLERA M/C|UNISEX,0.325,2026-09-30
ACCESORIOS HP|ACCESORIOS|PROTECTOR LIMPIEZA|UNISEX,0.325,2026-09-30
ACCESORIOS HP|ACCESORIOS|SHAMPOO LIMPIEZA|UNISEX,0.325,2026-09-30
BSOUL|ACCESORIOS|BOLSO|MUJER,0.325,2026-09-30
BSOUL|ACCESORIOS|BOTELLA|MUJER,0.325,2026-09-30
BSOUL|ACCESORIOS|BOTELLA|UNISEX,0.325,2026-09-30
BSOUL|ACCESORIOS|CALCETIN|MUJER,0.325,2026-09-30
BSOUL|ACCESORIOS|CALCETIN|UNISEX,0.325,2026-09-30
BSOUL|ACCESORIOS|GUANTE DE BOX|OTROS,0.325,2026-09-30
BSOUL|ACCESORIOS|GUANTE|MUJER,0.325,2026-09-30
BSOUL|ACCESORIOS|TAZON|UNISEX,0.325,2026-09-30
BSOUL|VESTUARIO|BIKER|MUJER,0.35,2026-09-30
BSOUL|VESTUARIO|BIKINI CALZON|MUJER,0.35,2026-09-30
BSOUL|VESTUARIO|BIKINI ENTERO|MUJER,0.35,2026-09-30
BSOUL|VESTUARIO|BIKINI SOSTEN|MUJER,0.35,2026-09-30
BSOUL|VESTUARIO|BLUSA|MUJER,0.35,2026-09-30
BSOUL|VESTUARIO|BRA|MUJER,0.35,2026-09-30
BSOUL|VESTUARIO|CASACA|MUJER,0.35,2026-09-30
BSOUL|VESTUARIO|CORTAVIENTO|MUJER,0.35,2026-09-30
BSOUL|VESTUARIO|ENTERIZO|MUJER,0.35,2026-09-30
BSOUL|VESTUARIO|FALDA|MUJER,0.35,2026-09-30
BSOUL|VESTUARIO|JOGGER|MUJER,0.35,2026-09-30
BSOUL|VESTUARIO|LEGGING|MUJER,0.35,2026-09-30
BSOUL|VESTUARIO|PANTALON|MUJER,0.35,2026-09-30
BSOUL|VESTUARIO|POLAR S/M|MUJER,0.35,2026-09-30
BSOUL|VESTUARIO|POLAR|MUJER,0.35,2026-09-30
BSOUL|VESTUARIO|POLERON|MUJER,0.35,2026-09-30
BSOUL|VESTUARIO|POLO M/C|MUJER,0.35,2026-09-30
BSOUL|VESTUARIO|POLO M/L|MUJER,0.35,2026-09-30
BSOUL|VESTUARIO|POLO S/M|MUJER,0.35,2026-09-30
BSOUL|VESTUARIO|SHORT|MUJER,0.35,2026-09-30
BSOUL|VESTUARIO|VESTIDO|MUJER,0.35,2026-09-30
COLUMBIA|ACCESORIOS|BASTONES|UNISEX,0.325,2026-09-30
COLUMBIA|ACCESORIOS|BOLSA|UNISEX,0.325,2026-09-30
COLUMBIA|ACCESORIOS|BOTELLA|UNISEX,0.325,2026-09-30
COLUMBIA|ACCESORIOS|CANGURO|UNISEX,0.325,2026-09-30
COLUMBIA|ACCESORIOS|CHALECO SINTETICO|UNISEX,0.325,2026-09-30
COLUMBIA|ACCESORIOS|CHULLO|HOMBRE,0.325,2026-09-30
COLUMBIA|ACCESORIOS|CHULLO|MUJER,0.325,2026-09-30
COLUMBIA|ACCESORIOS|CHULLO|NINO,0.325,2026-09-30
COLUMBIA|ACCESORIOS|CHULLO|UNISEX,0.325,2026-09-30
COLUMBIA|ACCESORIOS|COOLER|UNISEX,0.325,2026-09-30
COLUMBIA|ACCESORIOS|CUELLERA|UNISEX,0.325,2026-09-30
COLUMBIA|ACCESORIOS|FUNDA PARA LATA|UNISEX,0.325,2026-09-30
COLUMBIA|ACCESORIOS|GORRO|HOMBRE,0.9425,2026-09-30
COLUMBIA|ACCESORIOS|GORRO|UNISEX,0.325,2026-09-30
COLUMBIA|ACCESORIOS|GUANTES|MUJER,0.325,2026-09-30
COLUMBIA|ACCESORIOS|GUANTES|UNISEX,0.325,2026-09-30
COLUMBIA|ACCESORIOS|MALETIN|UNISEX,0.325,2026-09-30
COLUMBIA|ACCESORIOS|MEDIAS|HOMBRE,0.9425,2026-09-30
COLUMBIA|ACCESORIOS|MEDIAS|MUJER,0.325,2026-09-30
COLUMBIA|ACCESORIOS|MEDIAS|UNISEX,0.325,2026-09-30
COLUMBIA|ACCESORIOS|MOCHILA|UNISEX,0.325,2026-09-30
COLUMBIA|ACCESORIOS|NECESER|UNISEX,0.325,2026-09-30
COLUMBIA|ACCESORIOS|SOMBRERO|UNISEX,0.325,2026-09-30
COLUMBIA|ACCESORIOS|UTENSILIO|UNISEX,0.325,2026-09-30
COLUMBIA|CALZADO|BOTAS|MUJER,0.325,2026-09-30
COLUMBIA|CALZADO|BOTAS|NINA,0.325,2026-09-30
COLUMBIA|CALZADO|BOTAS|NINO,0.455,2026-09-30
COLUMBIA|CALZADO|BOTINES|HOMBRE,0.325,2026-09-30
COLUMBIA|CALZADO|BOTINES|NINO,0.325,2026-09-30
COLUMBIA|CALZADO|BOTINES|UNISEX,0.325,2026-09-30
COLUMBIA|CALZADO|PANTUFLAS|HOMBRE,0.6175,2026-09-30
COLUMBIA|CALZADO|PANTUFLAS|MUJER,0.39,2026-09-30
COLUMBIA|CALZADO|SANDALIAS|HOMBRE,0.325,2026-09-30
COLUMBIA|CALZADO|SANDALIAS|MUJER,0.325,2026-09-30
COLUMBIA|CALZADO|SANDALIAS|NINA,0.5655,2026-09-30
COLUMBIA|CALZADO|SANDALIAS|NINO,0.51675,2026-09-30
COLUMBIA|CALZADO|ZAPATILLAS|HOMBRE,0.325,2026-09-30
COLUMBIA|CALZADO|ZAPATILLAS|MUJER,0.325,2026-09-30
COLUMBIA|CALZADO|ZAPATILLAS|NINO,0.325,2026-09-30
COLUMBIA|VESTUARIO|BASELAYER|HOMBRE,0.84,2026-09-30
COLUMBIA|VESTUARIO|BASELAYER|MUJER,0.35,2026-09-30
COLUMBIA|VESTUARIO|BASELAYER|UNISEX,0.4655,2026-09-30
COLUMBIA|VESTUARIO|BIVIDI|MUJER,0.35,2026-09-30
COLUMBIA|VESTUARIO|BLUSA M/C|MUJER,0.35,2026-09-30
COLUMBIA|VESTUARIO|BLUSA M/L|MUJER,0.4165,2026-09-30
COLUMBIA|VESTUARIO|CAMISA M/C|HOMBRE,0.7,2026-09-30
COLUMBIA|VESTUARIO|CAMISA M/L|HOMBRE,0.7,2026-09-30
COLUMBIA|VESTUARIO|CHALECO POLAR|HOMBRE,0.84,2026-09-30
COLUMBIA|VESTUARIO|CHALECO SINTETICO|HOMBRE,0.84,2026-09-30
COLUMBIA|VESTUARIO|CHALECO SINTETICO|MUJER,0.35,2026-09-30
COLUMBIA|VESTUARIO|CORTAVIENTO|HOMBRE,0.84,2026-09-30
COLUMBIA|VESTUARIO|CORTAVIENTO|MUJER,0.35,2026-09-30
COLUMBIA|VESTUARIO|CORTAVIENTO|NINO,0.385,2026-09-30
COLUMBIA|VESTUARIO|ENTERIZO|NINO,0.385,2026-09-30
COLUMBIA|VESTUARIO|ENTERIZO|OTROS,0.35,2026-09-30
COLUMBIA|VESTUARIO|IMPERMEABLE|HOMBRE,0.84,2026-09-30
COLUMBIA|VESTUARIO|IMPERMEABLE|MUJER,0.35,2026-09-30
COLUMBIA|VESTUARIO|IMPERMEABLE|NINO,0.385,2026-09-30
COLUMBIA|VESTUARIO|JOGGER|HOMBRE,0.84,2026-09-30
COLUMBIA|VESTUARIO|JOGGER|MUJER,0.35,2026-09-30
COLUMBIA|VESTUARIO|JOGGER|UNISEX,0.455,2026-09-30
COLUMBIA|VESTUARIO|LEGGINGS|MUJER,0.35,2026-09-30
COLUMBIA|VESTUARIO|PANTALON CONVERTIBLE|HOMBRE,0.84,2026-09-30
COLUMBIA|VESTUARIO|PANTALON CONVERTIBLE|MUJER,0.35,2026-09-30
COLUMBIA|VESTUARIO|PANTALON|HOMBRE,0.84,2026-09-30
COLUMBIA|VESTUARIO|PANTALON|MUJER,0.35,2026-09-30
COLUMBIA|VESTUARIO|PANTALON|NINA,0.35,2026-09-30
COLUMBIA|VESTUARIO|PARKA FLEECE|HOMBRE,0.84,2026-09-30
COLUMBIA|VESTUARIO|PARKA FLEECE|MUJER,0.35,2026-09-30
COLUMBIA|VESTUARIO|PARKA FLEECE|UNISEX,0.455,2026-09-30
COLUMBIA|VESTUARIO|PARKA INTERCHANGE|HOMBRE,0.84,2026-09-30
COLUMBIA|VESTUARIO|PARKA INTERCHANGE|MUJER,0.35,2026-09-30
COLUMBIA|VESTUARIO|PARKA PLUMA|HOMBRE,0.84,2026-09-30
COLUMBIA|VESTUARIO|PARKA PLUMA|MUJER,0.35,2026-09-30
COLUMBIA|VESTUARIO|PARKA SINTETICA|HOMBRE,0.84,2026-09-30
COLUMBIA|VESTUARIO|PARKA SINTETICA|MUJER,0.35,2026-09-30
COLUMBIA|VESTUARIO|PARKA SINTETICA|UNISEX,0.455,2026-09-30
COLUMBIA|VESTUARIO|POLAR|HOMBRE,0.35,2026-09-30
COLUMBIA|VESTUARIO|POLAR|MUJER,0.35,2026-09-30
COLUMBIA|VESTUARIO|POLAR|NINA,0.35,2026-09-30
COLUMBIA|VESTUARIO|POLAR|NINO,0.35,2026-09-30
COLUMBIA|VESTUARIO|POLAR|UNISEX,0.35,2026-09-30
COLUMBIA|VESTUARIO|POLERON|HOMBRE,0.84,2026-09-30
COLUMBIA|VESTUARIO|POLERON|MUJER,0.35,2026-09-30
COLUMBIA|VESTUARIO|POLO M/C|HOMBRE,0.84,2026-09-30
COLUMBIA|VESTUARIO|POLO M/C|MUJER,0.35,2026-09-30
COLUMBIA|VESTUARIO|POLO M/C|NINO,0.35,2026-09-30
COLUMBIA|VESTUARIO|POLO M/L|HOMBRE,0.84,2026-09-30
COLUMBIA|VESTUARIO|POLO M/L|MUJER,0.35,2026-09-30
COLUMBIA|VESTUARIO|POLO M/L|NINO,0.385,2026-09-30
COLUMBIA|VESTUARIO|POLO PIQUE|HOMBRE,0.84,2026-09-30
COLUMBIA|VESTUARIO|ROPA DE BANO|HOMBRE,0.84,2026-09-30
COLUMBIA|VESTUARIO|ROPA DE BANO|NINA,0.35,2026-09-30
COLUMBIA|VESTUARIO|ROPA DE BANO|NINO,0.35,2026-09-30
COLUMBIA|VESTUARIO|SHORT|HOMBRE,0.84,2026-09-30
COLUMBIA|VESTUARIO|SHORT|MUJER,0.35,2026-09-30
COLUMBIA|VESTUARIO|SHORT|NINA,0.35,2026-09-30
COLUMBIA|VESTUARIO|SHORT|NINO,0.35,2026-09-30
HUSH PUPPIES KIDS|VESTUARIO|BLUSA M/C|NINA,0.35,2026-09-30
HUSH PUPPIES KIDS|VESTUARIO|BLUSA M/L|NINA,0.35,2026-09-30
HUSH PUPPIES KIDS|VESTUARIO|CAMISA M/C|NINO,0.35,2026-09-30
HUSH PUPPIES KIDS|VESTUARIO|CAMISA M/L|NINO,0.385,2026-09-30
HUSH PUPPIES KIDS|VESTUARIO|CHAQUETA|NINO,0.35,2026-09-30
HUSH PUPPIES KIDS|VESTUARIO|JEANS|NINA,0.35,2026-09-30
HUSH PUPPIES KIDS|VESTUARIO|JEANS|NINO,0.385,2026-09-30
HUSH PUPPIES KIDS|VESTUARIO|OTROS|NINA,0.35,2026-09-30
HUSH PUPPIES KIDS|VESTUARIO|PANTALON|NINO,0.35,2026-09-30
HUSH PUPPIES KIDS|VESTUARIO|PARKA|NINA,0.35,2026-09-30
HUSH PUPPIES KIDS|VESTUARIO|PARKA|NINO,0.385,2026-09-30
HUSH PUPPIES KIDS|VESTUARIO|POLAR|NINA,0.35,2026-09-30
HUSH PUPPIES KIDS|VESTUARIO|POLAR|NINO,0.35,2026-09-30
HUSH PUPPIES KIDS|VESTUARIO|POLERA DE AGUA|NINO,0.385,2026-09-30
HUSH PUPPIES KIDS|VESTUARIO|POLERA M/C|NINO,0.35,2026-09-30
HUSH PUPPIES KIDS|VESTUARIO|POLERA M/L|NINA,0.35,2026-09-30
HUSH PUPPIES KIDS|VESTUARIO|POLERA M/L|NINO,0.35,2026-09-30
HUSH PUPPIES KIDS|VESTUARIO|POLERON|NINO,0.35,2026-09-30
HUSH PUPPIES KIDS|VESTUARIO|POLO|NINA,0.35,2026-09-30
HUSH PUPPIES KIDS|VESTUARIO|POLO|NINO,0.385,2026-09-30
HUSH PUPPIES KIDS|VESTUARIO|SHORT|NINA,0.35,2026-09-30
HUSH PUPPIES KIDS|VESTUARIO|SHORT|NINO,0.35,2026-09-30
HUSH PUPPIES KIDS|VESTUARIO|TRAJE DE BANO|NINA,0.35,2026-09-30
HUSH PUPPIES KIDS|VESTUARIO|TRAJE DE BANO|NINO,0.385,2026-09-30
HUSH PUPPIES KIDS|VESTUARIO|VESTIDO|NINA,0.35,2026-09-30
HUSH PUPPIES|CALZADO|ALPARGATAS|HOMBRE,0.6175,2026-09-30
HUSH PUPPIES|CALZADO|ALPARGATAS|MUJER,0.39,2026-09-30
HUSH PUPPIES|CALZADO|ALPARGATAS|NINO,0.455,2026-09-30
HUSH PUPPIES|CALZADO|BALLERINAS|MUJER,0.39,2026-09-30
HUSH PUPPIES|CALZADO|BALLERINAS|NINA,0.325,2026-09-30
HUSH PUPPIES|CALZADO|BOTAS|MUJER,0.325,2026-09-30
HUSH PUPPIES|CALZADO|BOTINES|HOMBRE,0.325,2026-09-30
HUSH PUPPIES|CALZADO|BOTINES|MUJER,0.325,2026-09-30
HUSH PUPPIES|CALZADO|BOTINES|NINA,0.325,2026-09-30
HUSH PUPPIES|CALZADO|BOTINES|NINO,0.325,2026-09-30
HUSH PUPPIES|CALZADO|GUILLERMINAS|NINA,0.3575,2026-09-30
HUSH PUPPIES|CALZADO|MOCASINES|HOMBRE,0.325,2026-09-30
HUSH PUPPIES|CALZADO|MOCASINES|MUJER,0.39,2026-09-30
HUSH PUPPIES|CALZADO|MOCASINES|NINO,0.455,2026-09-30
HUSH PUPPIES|CALZADO|SANDALIAS|HOMBRE,0.325,2026-09-30
HUSH PUPPIES|CALZADO|SANDALIAS|MUJER,0.325,2026-09-30
HUSH PUPPIES|CALZADO|SANDALIAS|NINA,0.5655,2026-09-30
HUSH PUPPIES|CALZADO|SANDALIAS|NINO,0.51675,2026-09-30
HUSH PUPPIES|CALZADO|SANDALIA|MUJER,0.39,2026-09-30
HUSH PUPPIES|CALZADO|SLIP ON|HOMBRE,0.6175,2026-09-30
HUSH PUPPIES|CALZADO|SLIP ON|MUJER,0.39,2026-09-30
HUSH PUPPIES|CALZADO|ZAPATILLAS|HOMBRE,0.325,2026-09-30
HUSH PUPPIES|CALZADO|ZAPATILLAS|MUJER,0.325,2026-09-30
HUSH PUPPIES|CALZADO|ZAPATILLAS|NINA,0.325,2026-09-30
HUSH PUPPIES|CALZADO|ZAPATILLAS|NINO,0.325,2026-09-30
HUSH PUPPIES|CALZADO|ZAPATOS|HOMBRE,0.42575,2026-09-30
HUSH PUPPIES|CALZADO|ZAPATOS|MUJER,0.65,2026-09-30
HUSH PUPPIES|CALZADO|ZAPATOS|NINA,0.325,2026-09-30
HUSH PUPPIES|CALZADO|ZAPATOS|NINO,0.325,2026-09-30
KEDS|CALZADO|ZAPATILLA|MUJER,0.39,2026-09-30
MOUNTAIN HARDWEAR|ACCESORIOS|MOCHILA|UNISEX,0.325,2026-09-30
MOUNTAIN HARDWEAR|ACCESORIOS|SACO DE DORMIR|UNISEX,0.325,2026-09-30
MOUNTAIN HARDWEAR|VESTUARIO|CORTAVIENTO|MUJER,0.35,2026-09-30
MOUNTAIN HARDWEAR|VESTUARIO|PANTALON|MUJER,0.35,2026-09-30
MOUNTAIN HARDWEAR|VESTUARIO|PARKA PLUMA|HOMBRE,0.84,2026-09-30
MOUNTAIN HARDWEAR|VESTUARIO|PARKA PLUMA|MUJER,0.35,2026-09-30
MOUNTAIN HARDWEAR|VESTUARIO|PARKA SINTETICA|HOMBRE,0.84,2026-09-30
MOUNTAIN HARDWEAR|VESTUARIO|PARKA SINTETICA|MUJER,0.35,2026-09-30
MOUNTAIN HARDWEAR|VESTUARIO|POLAR|HOMBRE,0.35,2026-09-30
MOUNTAIN HARDWEAR|VESTUARIO|POLAR|MUJER,0.35,2026-09-30
NORSEG SAFETY|CALZADO|BOTIN|HOMBRE,0.6175,2026-09-30
NORSEG SAFETY|CALZADO|BOTIN|MUJER,0.39,2026-09-30
NORSEG SAFETY|CALZADO|ZAPATO SEGURIDAD|UNISEX,0.325,2026-09-30
NORSEG|CALZADO|ZAPATO SEGURIDAD|UNISEX,0.325,2026-09-30
PATAGONIA|ACCESORIOS|CANGURO|UNISEX,0.325,2026-09-30
PATAGONIA|ACCESORIOS|CHULLO|UNISEX,0.325,2026-09-30
PATAGONIA|ACCESORIOS|CORREA|UNISEX,0.325,2026-09-30
PATAGONIA|ACCESORIOS|CUELLERA|UNISEX,0.325,2026-09-30
PATAGONIA|ACCESORIOS|GORRO|HOMBRE,0.9425,2026-09-30
PATAGONIA|ACCESORIOS|GORRO|UNISEX,0.325,2026-09-30
PATAGONIA|ACCESORIOS|MALETIN|UNISEX,0.325,2026-09-30
PATAGONIA|ACCESORIOS|MEDIAS|UNISEX,0.325,2026-09-30
PATAGONIA|ACCESORIOS|MOCHILA|UNISEX,0.325,2026-09-30
PATAGONIA|ACCESORIOS|NECESER|UNISEX,0.325,2026-09-30
PATAGONIA|ACCESORIOS|SOMBRERO|UNISEX,0.325,2026-09-30
PATAGONIA|VESTUARIO|BASELAYER BOTTOM|HOMBRE,0.84,2026-09-30
PATAGONIA|VESTUARIO|BASELAYER BOTTOM|MUJER,0.35,2026-09-30
PATAGONIA|VESTUARIO|BASELAYER TOP|HOMBRE,0.84,2026-09-30
PATAGONIA|VESTUARIO|BASELAYER TOP|MUJER,0.35,2026-09-30
PATAGONIA|VESTUARIO|CAMISA M/C|HOMBRE,0.7,2026-09-30
PATAGONIA|VESTUARIO|CAMISA M/L|HOMBRE,0.7,2026-09-30
PATAGONIA|VESTUARIO|CAMISA M/L|MUJER,0.35,2026-09-30
PATAGONIA|VESTUARIO|CHALECO POLAR|HOMBRE,0.84,2026-09-30
PATAGONIA|VESTUARIO|CHALECO POLAR|MUJER,0.35,2026-09-30
PATAGONIA|VESTUARIO|CHALECO SINTETICO|HOMBRE,0.84,2026-09-30
PATAGONIA|VESTUARIO|CORTAVIENTOS|HOMBRE,0.84,2026-09-30
PATAGONIA|VESTUARIO|CORTAVIENTOS|MUJER,0.35,2026-09-30
PATAGONIA|VESTUARIO|IMPERMEABLE|HOMBRE,0.84,2026-09-30
PATAGONIA|VESTUARIO|IMPERMEABLE|MUJER,0.35,2026-09-30
PATAGONIA|VESTUARIO|JOGGER|MUJER,0.35,2026-09-30
PATAGONIA|VESTUARIO|PANTALON CONVERTIBLE|HOMBRE,0.84,2026-09-30
PATAGONIA|VESTUARIO|PANTALON IMPERMEABLE|HOMBRE,0.84,2026-09-30
PATAGONIA|VESTUARIO|PANTALON|HOMBRE,0.84,2026-09-30
PATAGONIA|VESTUARIO|PARKA FLEECE|HOMBRE,0.84,2026-09-30
PATAGONIA|VESTUARIO|PARKA FLEECE|MUJER,0.35,2026-09-30
PATAGONIA|VESTUARIO|PARKA PLUMA|HOMBRE,0.84,2026-09-30
PATAGONIA|VESTUARIO|PARKA PLUMA|MUJER,0.35,2026-09-30
PATAGONIA|VESTUARIO|PARKA PLUMA|UNISEX,0.35,2026-09-30
PATAGONIA|VESTUARIO|PARKA SINTETICA|HOMBRE,0.84,2026-09-30
PATAGONIA|VESTUARIO|PARKA SINTETICA|MUJER,0.35,2026-09-30
PATAGONIA|VESTUARIO|POLAR|HOMBRE,0.35,2026-09-30
PATAGONIA|VESTUARIO|POLAR|MUJER,0.35,2026-09-30
PATAGONIA|VESTUARIO|POLAR|UNISEX,0.35,2026-09-30
PATAGONIA|VESTUARIO|POLO M/C|HOMBRE,0.84,2026-09-30
PATAGONIA|VESTUARIO|POLO M/C|MUJER,0.35,2026-09-30
PATAGONIA|VESTUARIO|POLO M/L|HOMBRE,0.84,2026-09-30
PATAGONIA|VESTUARIO|POLO M/L|MUJER,0.35,2026-09-30
PATAGONIA|VESTUARIO|ROPA DE BANO|HOMBRE,0.84,2026-09-30
PATAGONIA|VESTUARIO|SHORT|HOMBRE,0.84,2026-09-30
PATAGONIA|VESTUARIO|SHORT|MUJER,0.35,2026-09-30
ROCKFORD|ACCESORIOS|BANDANA|UNISEX,0.325,2026-09-30
ROCKFORD|ACCESORIOS|BILLETERA|HOMBRE,0.9425,2026-09-30
ROCKFORD|ACCESORIOS|BILLETERA|MUJER,0.325,2026-09-30
ROCKFORD|ACCESORIOS|BILLETERA|UNISEX,0.325,2026-09-30
ROCKFORD|ACCESORIOS|BOINA|HOMBRE,0.9425,2026-09-30
ROCKFORD|ACCESORIOS|BOTELLA|UNISEX,0.325,2026-09-30
ROCKFORD|ACCESORIOS|BUCKET|HOMBRE,0.9425,2026-09-30
ROCKFORD|ACCESORIOS|BUFANDA|HOMBRE,0.9425,2026-09-30
ROCKFORD|ACCESORIOS|BUFANDA|UNISEX,0.325,2026-09-30
ROCKFORD|ACCESORIOS|CALCETIN|HOMBRE,0.9425,2026-09-30
ROCKFORD|ACCESORIOS|CALCETIN|MUJER,0.325,2026-09-30
ROCKFORD|ACCESORIOS|CANGURO|UNISEX,0.325,2026-09-30
ROCKFORD|ACCESORIOS|CARTERA|MUJER,0.325,2026-09-30
ROCKFORD|ACCESORIOS|CINTURON|HOMBRE,0.9425,2026-09-30
ROCKFORD|ACCESORIOS|CINTURON|MUJER,0.325,2026-09-30
ROCKFORD|ACCESORIOS|CREMA RENOVADORA|UNISEX,0.325,2026-09-30
ROCKFORD|ACCESORIOS|ESCOBILLA DE BRILLO|UNISEX,0.325,2026-09-30
ROCKFORD|ACCESORIOS|GORRO|HOMBRE,0.9425,2026-09-30
ROCKFORD|ACCESORIOS|GORRO|UNISEX,0.325,2026-09-30
ROCKFORD|ACCESORIOS|MALETIN|HOMBRE,0.9425,2026-09-30
ROCKFORD|ACCESORIOS|MALETIN|UNISEX,0.325,2026-09-30
ROCKFORD|ACCESORIOS|MEDIAS|HOMBRE,0.9425,2026-09-30
ROCKFORD|ACCESORIOS|MEDIAS|MUJER,0.325,2026-09-30
ROCKFORD|ACCESORIOS|MOCHILA WR|UNISEX,0.325,2026-09-30
ROCKFORD|ACCESORIOS|MOCHILA|HOMBRE,0.9425,2026-09-30
ROCKFORD|ACCESORIOS|MOCHILA|UNISEX,0.325,2026-09-30
ROCKFORD|ACCESORIOS|NECESER|HOMBRE,0.9425,2026-09-30
ROCKFORD|ACCESORIOS|NECESER|UNISEX,0.325,2026-09-30
ROCKFORD|ACCESORIOS|PANUELO|MUJER,0.325,2026-09-30
ROCKFORD|ACCESORIOS|PROTECTOR LIMPIEZA|UNISEX,0.325,2026-09-30
ROCKFORD|ACCESORIOS|SOMBRERO|HOMBRE,0.9425,2026-09-30
ROCKFORD|CALZADO|ALPARGATA|HOMBRE,0.6175,2026-09-30
ROCKFORD|CALZADO|ALPARGATA|MUJER,0.39,2026-09-30
ROCKFORD|CALZADO|BOTAS|MUJER,0.325,2026-09-30
ROCKFORD|CALZADO|BOTINES|HOMBRE,0.325,2026-09-30
ROCKFORD|CALZADO|BOTINES|MUJER,0.325,2026-09-30
ROCKFORD|CALZADO|MOCASIN|HOMBRE,0.6175,2026-09-30
ROCKFORD|CALZADO|MOCASIN|MUJER,0.39,2026-09-30
ROCKFORD|CALZADO|SANDALIAS|HOMBRE,0.325,2026-09-30
ROCKFORD|CALZADO|SANDALIAS|MUJER,0.325,2026-09-30
ROCKFORD|CALZADO|SLIP ON|HOMBRE,0.6175,2026-09-30
ROCKFORD|CALZADO|SLIP ON|MUJER,0.39,2026-09-30
ROCKFORD|CALZADO|SUECO|HOMBRE,0.6175,2026-09-30
ROCKFORD|CALZADO|SUECO|MUJER,0.39,2026-09-30
ROCKFORD|CALZADO|ZAPATILLAS|HOMBRE,0.325,2026-09-30
ROCKFORD|CALZADO|ZAPATILLAS|MUJER,0.325,2026-09-30
ROCKFORD|CALZADO|ZAPATO|HOMBRE,0.6175,2026-09-30
ROCKFORD|CALZADO|ZAPATO|MUJER,0.39,2026-09-30
ROCKFORD|VESTUARIO|BLUSA M/L|MUJER,0.4165,2026-09-30
ROCKFORD|VESTUARIO|BLUSA S/M|MUJER,0.35,2026-09-30
ROCKFORD|VESTUARIO|CAMISA M/C|HOMBRE,0.7,2026-09-30
ROCKFORD|VESTUARIO|CAMISA M/L|HOMBRE,0.7,2026-09-30
ROCKFORD|VESTUARIO|CASACA|HOMBRE,0.84,2026-09-30
ROCKFORD|VESTUARIO|CASACA|MUJER,0.35,2026-09-30
ROCKFORD|VESTUARIO|CHALECO|HOMBRE,0.84,2026-09-30
ROCKFORD|VESTUARIO|CHALECO|MUJER,0.35,2026-09-30
ROCKFORD|VESTUARIO|CONJUNTO|MUJER,0.35,2026-09-30
ROCKFORD|VESTUARIO|JEANS|HOMBRE,0.84,2026-09-30
ROCKFORD|VESTUARIO|JEANS|MUJER,0.35,2026-09-30
ROCKFORD|VESTUARIO|PANTALON|HOMBRE,0.84,2026-09-30
ROCKFORD|VESTUARIO|PANTALON|MUJER,0.35,2026-09-30
ROCKFORD|VESTUARIO|POLAR|HOMBRE,0.35,2026-09-30
ROCKFORD|VESTUARIO|POLAR|MUJER,0.35,2026-09-30
ROCKFORD|VESTUARIO|POLERON|HOMBRE,0.84,2026-09-30
ROCKFORD|VESTUARIO|POLERON|MUJER,0.35,2026-09-30
ROCKFORD|VESTUARIO|POLO M/C|HOMBRE,0.84,2026-09-30
ROCKFORD|VESTUARIO|POLO M/C|MUJER,0.35,2026-09-30
ROCKFORD|VESTUARIO|POLO M/L|MUJER,0.35,2026-09-30
ROCKFORD|VESTUARIO|POLO S/M|MUJER,0.35,2026-09-30
ROCKFORD|VESTUARIO|SHORT|HOMBRE,0.84,2026-09-30
ROCKFORD|VESTUARIO|SWEATER|HOMBRE,0.84,2026-09-30
ROCKFORD|VESTUARIO|SWEATER|MUJER,0.35,2026-09-30
ROCKFORD|VESTUARIO|VESTIDO|MUJER,0.35,2026-09-30
SOREL|CALZADO|BOTAS|MUJER,0.325,2026-09-30
SOREL|CALZADO|BOTINES|HOMBRE,0.325,2026-09-30
VANS|ACCESORIOS|ANTEOJO|UNISEX,0.325,2026-09-30
VANS|ACCESORIOS|BANANO|HOMBRE,0.9425,2026-09-30
VANS|ACCESORIOS|BILLETERA|HOMBRE,0.9425,2026-09-30
VANS|ACCESORIOS|BOLSO CROSSBODY|UNISEX,0.325,2026-09-30
VANS|ACCESORIOS|BOLSO|MUJER,0.325,2026-09-30
VANS|ACCESORIOS|BOLSO|UNISEX,0.325,2026-09-30
VANS|ACCESORIOS|CALCETIN|HOMBRE,0.9425,2026-09-30
VANS|ACCESORIOS|CALCETIN|UNISEX,0.325,2026-09-30
VANS|ACCESORIOS|CINTURON|HOMBRE,0.9425,2026-09-30
VANS|ACCESORIOS|CINTURON|UNISEX,0.325,2026-09-30
VANS|ACCESORIOS|GORRO BUCKET|UNISEX,0.325,2026-09-30
VANS|ACCESORIOS|GORRO|HOMBRE,0.9425,2026-09-30
VANS|ACCESORIOS|GORRO|UNISEX,0.325,2026-09-30
VANS|ACCESORIOS|JOCKEY|NINO,0.325,2026-09-30
VANS|ACCESORIOS|JOCKEY|UNISEX,0.325,2026-09-30
VANS|ACCESORIOS|LENTE|HOMBRE,0.9425,2026-09-30
VANS|ACCESORIOS|MOCHILA|HOMBRE,0.9425,2026-09-30
VANS|ACCESORIOS|MOCHILA|UNISEX,0.325,2026-09-30
VANS|CALZADO|SANDALIA|HOMBRE,0.6175,2026-09-30
VANS|CALZADO|ZAPATILLA C/CANA|HOMBRE,0.6175,2026-09-30
VANS|CALZADO|ZAPATILLA C/CANA|MUJER,0.39,2026-09-30
VANS|CALZADO|ZAPATILLA C/CANA|NINO,0.455,2026-09-30
VANS|CALZADO|ZAPATILLA C/CANA|UNISEX,0.325,2026-09-30
VANS|CALZADO|ZAPATILLA|HOMBRE,0.325,2026-09-30
VANS|CALZADO|ZAPATILLA|MUJER,0.39,2026-09-30
VANS|CALZADO|ZAPATILLA|NINA,0.3575,2026-09-30
VANS|CALZADO|ZAPATILLA|NINO,0.455,2026-09-30
VANS|CALZADO|ZAPATILLA|UNISEX,0.325,2026-09-30
VANS|VESTUARIO|CAMISA M/C|HOMBRE,0.7,2026-09-30
VANS|VESTUARIO|CAMISA M/L|HOMBRE,0.7,2026-09-30
VANS|VESTUARIO|CAMISA MANGA LARGA|NINO,0.385,2026-09-30
VANS|VESTUARIO|CAMISA|HOMBRE,0.84,2026-09-30
VANS|VESTUARIO|CASACA|MUJER,0.35,2026-09-30
VANS|VESTUARIO|CHAQUETA|HOMBRE,0.84,2026-09-30
VANS|VESTUARIO|FALDA|MUJER,0.35,2026-09-30
VANS|VESTUARIO|OTROS|HOMBRE,0.84,2026-09-30
VANS|VESTUARIO|PANTALON|HOMBRE,0.84,2026-09-30
VANS|VESTUARIO|POLERA M/C|HOMBRE,0.84,2026-09-30
VANS|VESTUARIO|POLERA M/C|MUJER,0.35,2026-09-30
VANS|VESTUARIO|POLERA M/C|NINO,0.35,2026-09-30
VANS|VESTUARIO|POLERA MANGA CORTA|HOMBRE,0.84,2026-09-30
VANS|VESTUARIO|POLERA MANGA CORTA|NINO,0.385,2026-09-30
VANS|VESTUARIO|POLERA MANGA LARGA|HOMBRE,0.84,2026-09-30
VANS|VESTUARIO|POLERON|HOMBRE,0.84,2026-09-30
VANS|VESTUARIO|POLERON|MUJER,0.35,2026-09-30
VANS|VESTUARIO|POLERON|NINA,0.35,2026-09-30
VANS|VESTUARIO|POLERON|NINO,0.35,2026-09-30
VANS|VESTUARIO|POLO|HOMBRE,0.84,2026-09-30
VANS|VESTUARIO|POLO|MUJER,0.35,2026-09-30
VANS|VESTUARIO|POLO|NINO,0.385,2026-09-30
VANS|VESTUARIO|SHORT|HOMBRE,0.84,2026-09-30
VANS|VESTUARIO|TRAJE DE BANO|HOMBRE,0.84,2026-09-30
