codigo_tienda,nombre_tienda,cadena,centro_comercial,zona_cc,prioridad,orden
137,BSOUL JOCKEY PLAZA,BSO,JOCKEY,LIMA,A,1
59,CLB JOCKEY PLAZA,CLB,JOCKEY,LIMA,A,1
8,HP JOCKEY,HP,JOCKEY,LIMA,A,1
18,HPK JOCKEY,HPK,JOCKEY,LIMA,A,1
2,RKF JOCKEY,RKF,JOCKEY,LIMA,A,1
150,VANS JOCKEY PLAZA,VANS,JOCKEY,LIMA,A,1
370,BODEGA NORSEG,NOR,CHACARILLA,LIMA,A,2
112,CLB LARCOMAR,CLB,LARCOMAR,LIMA,A,2
146,CLB MINKA,CLB,MINKA,LIMA,A,2
113,CLB PLAZA NORTE,CLB,PLAZA NORTE,LIMA,A,2
84,CLB SALAVERRY,CLB,SALAVERRY,LIMA,A,2
114,CLB SAN MIGUEL,CLB,SAN MIGUEL,LIMA,A,2
111,DH LURIN,DH,LURIN,LIMA,A,2
16,HP LARCOMAR,HP,LARCOMAR,LIMA,A,2
19,HP MEGAPLAZA,HP,MEGA PLAZA,LIMA,A,2
97,HP SALAVERRY 2,HP,SALAVERRY,LIMA,A,2
43,HP SAN MIGUEL 2,HP,SAN MIGUEL,LIMA,A,2
122,PAT LARCOMAR,PAT,LARCOMAR,LIMA,A,2
119,PAT SALAVERRY,PAT,SALAVERRY,LIMA,A,2
52,RKF LARCOMAR 2,RKF,LARCOMAR,LIMA,A,2
83,RKF SALAVERRY,RKF,SALAVERRY,LIMA,A,2
149,VANS PLAZA NORTE,VANS,PLAZA NORTE,LIMA,A,2
151,VANS SALAVERRY,VANS,SALAVERRY,LIMA,A,2
153,VANS SAN MIGUEL,VANS,SAN MIGUEL,LIMA,A,2
118,CLB CUSCO,CLB,CUSCO,PROVINCIA,A,3
128,CLB CUSCO PLAZA,CLB,CUSCO,PROVINCIA,A,3
61,HP CUSCO,HP,CUSCO,PROVINCIA,A,3
22,HP TRUJILLO,HP,TRUJILLO,PROVINCIA,A,3
117,PAT CUSCO,PAT,CUSCO,PROVINCIA,A,3
26,RKF CUSCO,RKF,CUSCO,PROVINCIA,A,3
60,RKF CUSCO 2,RKF,CUSCO,PROVINCIA,A,3
29,RKF TRUJILLO,RKF,TRUJILLO,PROVINCIA,A,3
155,VANS TRUJILLO,VANS,TRUJILLO,PROVINCIA,A,3
134,BSOUL ASIA,BSO,ASIA,LIMA,B,2
138,BSOUL LA MOLINA,BSO,LA MOLINA,LIMA,B,2
145,CLB ANGAMOS,CLB,ANGAMOS,LIMA,B,2
136,CLB ASIA,CLB,ASIA,LIMA,B,2
139,CLB LA MOLINA,CLB,LA MOLINA,LIMA,B,2
143,CLB PARQUE LA MOLINA,CLB,LA MOLINA,LIMA,B,2
88,DH AEROPUERTO 2,DH,AEROPUERTO,LIMA,B,2
159,FB MINKA,FB,MINKA,LIMA,B,2
7,HP CHACARILLA,HP,CHACARILLA,LIMA,B,2
129,HP LA MOLINA,HP,LA MOLINA,LIMA,B,2
30,HP PLAZA ANGAMOS,HP,ANGAMOS,LIMA,B,2
44,HP PLAZA NORTE,HP,PLAZA NORTE,LIMA,B,2
46,HPK PLAZA NORTE,HPK,PLAZA NORTE,LIMA,B,2
152,VANS PARQUE LA MOLINA,VANS,LA MOLINA,LIMA,B,2
115,CLB CAYMA,CLB,AREQUIPA,PROVINCIA,B,3
131,CLB CHICLAYO,CLB,CHICLAYO,PROVINCIA,B,3
140,CLB HUANCAYO,CLB,HUANCAYO,PROVINCIA,B,3
126,CLB PIURA,CLB,PIURA,PROVINCIA,B,3
121,CLB TRUJILLO,CLB,TRUJILLO,PROVINCIA,B,3
95,FB OVALO PAPAL TRUJILLO,FB,TRUJILLO,PROVINCIA,B,3
12,HP CHICLAYO,HP,CHICLAYO,PROVINCIA,B,3
37,HP PIURA 2,HP,PIURA,PROVINCIA,B,3
147,RKF CAYMA,RKF,CAYMA,PROVINCIA,B,3
148,RKF ICA,RKF,ICA,PROVINCIA,B,3
157,VANS CHICLAYO,VANS,CHICLAYO,PROVINCIA,B,3
156,VANS PIURA,VANS,PIURA,PROVINCIA,B,3
142,CLB MALL DEL SUR,CLB,MALL DEL SUR,LIMA,C,2
96,FB CAMACHO,FB,CAMACHO,LIMA,C,2
23,HP CHORRILLOS,HP,CHORRILLOS,LIMA,C,2
133,RKF ASIA 2,RKF,ASIA,LIMA,C,2
130,RKF LA MOLINA,RKF,LA MOLINA,LIMA,C,2
20,SE HUALLAGA,SE,HUALLAGA,LIMA,C,2
21,SE SURCO,SE,SURCO,LIMA,C,2
58,CLB CAJAMARCA,CLB,CAJAMARCA,PROVINCIA,C,3
132,CLB ICA,CLB,ICA,PROVINCIA,C,3
141,CLB PORONGOCHE,CLB,AREQUIPA,PROVINCIA,C,3
116,HP CAYMA,HP,AREQUIPA,PROVINCIA,C,3
31,RKF AREQUIPA,RKF,AREQUIPA,PROVINCIA,C,3
