marca,codigo_tienda,nombre_tienda,prioridad,orden
HUSH PUPPIES,7,HP CHACARILLA,B,1
HUSH PUPPIES,8,HP JOCKEY,A,1
HUSH PUPPIES,12,HP CHICLAYO,B,2
HUSH PUPPIES,16,HP LARCOMAR,A,2
HUSH PUPPIES,22,HP TRUJILLO,B,3
HUSH PUPPIES,23,HP CHORRILLOS,C,1
HUSH PUPPIES,30,HP PLAZA ANGAMOS,B,4
HUSH PUPPIES,37,HP PIURA 2,B,5
HUSH PUPPIES,43,HP SAN MIGUEL 2,A,3
HUSH PUPPIES,44,HP PLAZA NORTE,A,4
HUSH PUPPIES,61,HP CUSCO,B,6
HUSH PUPPIES,97,HP SALAVERRY 2,A,5
HUSH PUPPIES,116,HP CAYMA,C,2
HUSH PUPPIES,129,HP LA MOLINA,B,7
